[
    {
        "id": 1251,
        "dislike": 1,
        "like": 10,
        "review_text": "Очень красивое место, вежливый персонал.\nЕздила на поезде из Москвы в Беларусь, комфортно, белье чистое, тепло, можно с животными. Дают горячий чай прям в постель, можно даже не переутруждаться, там о вВс и вашем комфорте позаботиться квалифицированные сотрудники.",
        "author": "Александра Подгайская",
        "review_rating": 5,
        "datetime": "2024-01-12T16:53:33.611Z"
    },
    {
        "id": 1252,
        "dislike": 0,
        "like": 5,
        "review_text": "Расположен очень удобное, строятся новые пути и оптимизируются пересадочные узлы. В здании вокзала есть бургер Кинг, несколько бюджетных кафешек и ларьков. Много валидаторов, а пересадка между диаметров так и вовсе без них - для удобства. Туалеты только мрак, но в БК нормально :)",
        "author": "Пользователь Э.",
        "review_rating": 5,
        "datetime": "2023-11-10T21:33:56.176Z"
    },
    {
        "id": 1253,
        "dislike": 2,
        "like": 7,
        "review_text": "Очень уютный и удобный вокзал. Мне он очень нравится! В шаговой доступности метро, удобная высадка и посадка в такси. Не нужно бегать по этажам: проходишь досмотр, небольшой вестибюль- и вот уже платформы. Современный навес надёжно защищает перрон от дождя и снега. На платформе недалеко от табло есть туалеты. Электронное табло расположено удобно. Ну и кроме удобств здесь красиво! Отдельного внимания безусловно заслуживает памятник \"Прощание славянки\". Он такой проникновенный, трогательный, что невольно подступают слёзы... Если обойдёте скульптурную группу по кругу, то вы прочтёте все слова этого марша.",
        "author": "Н И",
        "review_rating": 5,
        "datetime": "2023-08-25T14:27:29.327Z"
    },
    {
        "id": 1254,
        "dislike": 1,
        "like": 5,
        "review_text": "Красивое здание , очень удобно расположено в транспортной доступности. Рядом есть трамвайные и автобусные остановки. С Белорусского вокзала можно перейти на диаметры МЦД и доехать в область. Что также очень удобно.",
        "author": "Liliya Zugrova",
        "review_rating": 5,
        "datetime": "2023-11-27T11:50:16.388Z"
    },
    {
        "id": 1255,
        "dislike": 2,
        "like": 7,
        "review_text": "С появление новых веток и маршрутов все стало непонятным. Помню вокзал уютным, тихим, светлым. Времена меняются, классно, что и вокзал преображается. Просто нужно больше времени, чтобы найти и понять куда идти. Но это с непривычки. Если несколько раз проехать, то быстро становится понятно. А пока, закладывайте больше времени для того, чтобы осмотреться и найти путь.",
        "author": "Татьяна Цымлова",
        "review_rating": 5,
        "datetime": "2023-11-25T06:43:16.558Z"
    },
    {
        "id": 1256,
        "dislike": 1,
        "like": 4,
        "review_text": "Красивое историческое здание. Поезда новые , направления разные , кофе вкусный, много такси и метро рядом, проводницы внимательные, персонал профессиональный, чистый красивый вокзал .",
        "author": "Павел",
        "review_rating": 5,
        "datetime": "2024-03-08T20:01:14.069Z"
    },
    {
        "id": 1257,
        "dislike": 3,
        "like": 11,
        "review_text": "Очень красивый вокзал, с красивой архитектурой, с красивым видом на город, удобное местоположение, и для приезда на общественном транспорте и на личном, парковки имеются, внутри много кафешек соответствующих на любой карман и контингент, кассы для ближнего, дальнего следования, и ещё имеются отдельные кассы для самообслуживания, что очень удобно и можно сэкономить время, когда сильно торопишься, и особенно не надо идти в общую кассу если знаешь, что тебе надо ехать с 15 пути, потому как очень долго идти от общих касс внутри вокзала до 15 пути, и нет указателей как добраться до 15 пути, если вы в первые приехали сюда то можно потерять на дорогу где-то пол часа пока доберётесь, но зато во всех путях очень удобные онлайн табло, где вам подскажет о вашем рейсе.",
        "author": "Ирина К",
        "review_rating": 5,
        "datetime": "2023-09-21T01:37:34.947Z"
    },
    {
        "id": 1258,
        "dislike": 0,
        "like": 4,
        "review_text": "Красивое здание, удобный подъезд, отзывчивый персонал, многолюдно, как на всех вокзалах, банкоматы имеются, можно покушать и что-то купить , есть туалет, что не мало важно в нашей жизни, вообщем, вывод:если вы, гуляя по Москве устали, замёрзли или потерялись, идите на Белорусский вокзал, там и отдохнете и не останетесь голодным и вам помогут в любом случае. Вот такие они -вокзалы.",
        "author": "svetlana sokolovskay",
        "review_rating": 5,
        "datetime": "2024-03-18T18:56:45.392Z"
    },
    {
        "id": 1259,
        "dislike": 1,
        "like": 4,
        "review_text": "Здание очень красивое, старинное. Поэтому планировка не очень современная, не комфортная для ожидающих поезд. Выход к поездам удобный, в одном уровне. Информации достаточно. Небольшая площадь залов. Немного ларьков и заведение поесть. Хотелось бы осовременить .",
        "author": "Татьяна Стороженко",
        "review_rating": 4,
        "datetime": "2024-01-07T11:37:50.019Z"
    },
    {
        "id": 1260,
        "dislike": 1,
        "like": 6,
        "review_text": "В части навигации по территории вокзала все отлично: не заблудитесь. На вокзале ВСЁ чисто, не скользко, но вот с привокзальной площадью проблема: мало того что светофора на пешеходную фазу дождаться сложно, но еще и выпарковаться достаточно сложно: я как инвалид со всеми полагающимися разрешениями припарковалась в положенном месте, но меня заблокировал некий гражданин, которому не хватило места. Выехать с парковки не удавалось в течение долгих 20 минут из-за таких же нерадивых \"блокировщиков\" движения, кое как припарковавших своих железных коней. Для такого вокзала данная маленькая парковка явно маловата. Навигация по площади тоже страдает: тяжело сориентироваться куда ехать, чтобы попасть в нужное тебе место",
        "author": "Елена Чуплыгина",
        "review_rating": 3,
        "datetime": "2024-02-25T17:37:43.790Z"
    },
    {
        "id": 1261,
        "dislike": 0,
        "like": 9,
        "review_text": "Сделали реконструкцию, стало очень удобно. Стараюсь всегда ездить через нее. Удобные переходы, всегда мало народа, рядом есть Бургер Кинг.\nГлавная проблема это проверка сумок на проходах. Да, безопасность это важно, но каждый день возвращаясь домой приходится в спешке из-за уезжающей через пару минут электрички (ожидание следующей часто небольшое, но ведь все-равно хочется сесть побыстрее), доставать все из карманов, снимать рюкзак, набедренную сумку, вещи на ремне, проходить через металлодетектор, собирать и надевать всё обратно, задерживая очередь.\nИнтервалы между электричками от Лобни до Белорусской могут достигать трёх часов по выходным, из-за чего приходится ездить через Савёловскую.",
        "author": "Райан Гослинг",
        "review_rating": 4,
        "datetime": "2024-03-20T09:39:35.116Z"
    },
    {
        "id": 1262,
        "dislike": 2,
        "like": 16,
        "review_text": "Обожаю вокзал, из всех вокзалов , обладает такой уникальной историей и архитектурно интересно и масштабно смотрится со стороны. Очень много преобразуется , перестраивают, новые линии, внутренний дизайн платформ, дополнили пути и поездов стало больше!А Аэропоезду Ласточка респект, просто можно кататься на нем туда/сюда ради ощущения респектабельности и современного комфорта! Очень красивый! Хотелось бы, чтобы он доезжал не только до Одинцово, дальше по этой линии тоже есть люди ожидающие скорости и комфорта для поездок. Мне нравится , что памятник сохранили и как истерическую достопримечательность. Все проходят мимо и видят воина , девушку , провожающую солдата на фронт и они обнимаются. Хочется остановится и постоять с ними и подумать о хорошем. Многие фотографии делают на память.",
        "author": "Алекс",
        "review_rating": 5,
        "datetime": "2023-04-22T16:43:05.097Z"
    },
    {
        "id": 1263,
        "dislike": 0,
        "like": 0,
        "review_text": "Площадь ,где стречаются самые разные архитектурные стили - модерн , неоклассика, блестящий современный \" стеклянный\" стиль,старообрядческий храм архитектора Щусева - автора Мавзолея Ленина и исторический Вокзал с чудесными башенками...\nВсё это каким-то неимоверным образом умещается на площади ,через который проходит энергетический вектор Москвы- Тверская...",
        "author": ".ирина нарычева",
        "review_rating": 5,
        "datetime": "2024-04-02T05:27:34.827Z"
    },
    {
        "id": 1264,
        "dislike": 0,
        "like": 4,
        "review_text": "Красивое здание и близкое расположение к станции метро Белорусская. Мне показалось здание обветшалым и не удобным для людей с багажом . Зал ожидания находиться на втором этаже с витиеватой лестницей. Футкорта нормального нет. Кафешка сквозная и не уютнаяЗал ожидания не уютный, как на автобусной автостанции, холодно и ветрено. Ходит разноперая публика, но охрана подходит и любезно отслеживает личности, уточняет и выводит Бомжей и бродяг. Радостно , конечно ,что вокзал функционирует и доступность к другим вокзалам очень доступная .",
        "author": "Нина Чащ",
        "review_rating": 4,
        "datetime": "2024-01-15T06:13:52.781Z"
    },
    {
        "id": 1265,
        "dislike": 0,
        "like": 0,
        "review_text": "Сам вокзал наполнен всем чем только можно, и быстро перекусить и купить в дорогу, и сувениры есть, удобное расположение , расстояние от выхода до метро до самого входа в вокзал минимальное , что очень удобно для того чтобы быстро запрыгнуть в поезд и умчать в любом направлении, обычно езжу оттуда до Вязьмы)",
        "author": "Евгения Метликина",
        "review_rating": 5,
        "datetime": "2023-10-20T17:48:42.357Z"
    },
    {
        "id": 1266,
        "dislike": 2,
        "like": 15,
        "review_text": "Снаружи вокзал выглядит впечатляюще, территория между зданием и платформами опрятная и приятная глазу. Само помещение здания небольшое. На 2-м этаже есть зал ожидания с розетками для зарядки телефонов. Мест в зале не очень много, но во время моего посещения всем хватало. Табло с расписанием поездов стоят только снаружи, поэтому за временем приходится следить самому.",
        "author": "Всеволод П.",
        "review_rating": 5,
        "datetime": "2024-03-28T05:24:50.784Z"
    },
    {
        "id": 1267,
        "dislike": 0,
        "like": 8,
        "review_text": "Друзья,Белорусский вокзал ,РЖД, порадовал в очередной раз удивительной родной нам всем новогодней акцией,- \" поезд Деда Мороза\".я побывала в гостях у Деда Мороза в поезде на Белорусском .Отличная организация ,чистота,много мероприятий интересных не только детям, но и взрослым.Отдельное спасибо машинистам поезда за возможность подняться в кабину машинистов и пообщаться с ними. Такую специальность нужно рекламировать среди детей и мололежи активнее!Поезд имеет два вагона - ресторана,доступные цены, хорошая выпечка соответствует новогодней теме,хорошего качества, обязательно посетите,(туалеты на перроне ). Пожелание ,чтобы в таком большом городе как Москва поезд стоял немного больше по часам....всем хорошего настроения.",
        "author": "Наталья Анисимова",
        "review_rating": 5,
        "datetime": "2023-12-27T18:39:06.438Z"
    },
    {
        "id": 1268,
        "dislike": 2,
        "like": 6,
        "review_text": "Сейчась идет ремонт, благоустройство и соединение-пересадки диаметров, после того вокзал будет лучшим пересадочным узлом!! Часто бываю по работе везде чисто и уютно. Рядом трамваи и много автобусов проезжают привокзальная площадь! Отлично!!",
        "author": "Behzod Allaev",
        "review_rating": 5,
        "datetime": "2023-10-17T14:07:49.244Z"
    },
    {
        "id": 1269,
        "dislike": 0,
        "like": 6,
        "review_text": "Товарищи белорусский вокзал Москвы имеет очень стратегическую ценность и играет огромную роль в жизни сталицы . Белорусский вагзал связывает города Белоруссии такие как город воинской славы Брест.\nВсем известная Бреская крепость. 22 июня 1941 года. В 04:00 утра Бреская крепость была атакована Немецко Фашистскими захватчиками немцы не могли взять Брестскую крепость и она стала могилой для многих русских солдат. Но крепость сопротивлялась аж целых 1/5 месяцев. И белорусская Железная Дорога стала примой дорогой до Москвы сердца СССР.",
        "author": "Дима Кочергин",
        "review_rating": 5,
        "datetime": "2023-10-30T17:47:52.149Z"
    },
    {
        "id": 1270,
        "dislike": 0,
        "like": 9,
        "review_text": "Все детство прошло рядом с вокзалом) в 200 метрах от вокзала ходил в детский сад, родителям было удобно меня забирать. Потом парады на 9 мая и 7 ноября, техника с красной площади уходила по улице Горького (Тверской), в эти дни всегда цыганк торговали леденцами из крашеного сахара в виде петушков и красной звезды), дед или мама мне говорили не надо, это просто крашеный сахар! Но я упрашивал купить, тогда это казалось мне очень вкусным. Ну и обязательно мороженое в любое время года, стаканчик пломбир за 20к. Потом в компании ходили туда «стрелять 2 копейки позвонить», деньги нужны всегда то на сладости, то на хлеб, то на фильм сходить. Со второго класса начал заниматься на Динамо хоккеем, соответственно освоил метро, сам таскался с баулом. В юности вокзал начал обрастать коммерцией, кооперативными магазинами и так обрастал до недавнего времени. Сейчас вроде все посносили, привели в порядок (один из главных подвигов СССобянина). Так и не понял, построили что-то под площадью или нет. Возились лет 10, результат виден только в изменении движения транспорта, все! Короче, детство и юность прошла в этих пресненских краях, естественно люблю эти места!",
        "author": "Андрей Марченко",
        "review_rating": 5,
        "datetime": "2024-01-31T05:53:57.942Z"
    },
    {
        "id": 1271,
        "dislike": 1,
        "like": 4,
        "review_text": "Это ж история! Красиво и уютно. Столько воспоминаний: грустных и радостных! А Площадь перед вокзалом как красиво сделали, ну просто, замечательно. Место в истории не только города, а в истории каждого человека, кто когда/то побывал в Москве.",
        "author": "Василиса Малиновская",
        "review_rating": 5,
        "datetime": "2024-03-21T10:42:47.979Z"
    },
    {
        "id": 1272,
        "dislike": 1,
        "like": 11,
        "review_text": "Я люблю старые вокзалы. Белорусский сейчас обновляется и получается это, на мой взгляд, довольно гармонично. Жаль только, что при текущем руководстве города все стройки после окончания на самом деле ещё долго продолжаются. Вроде и открыли что-то новое, а подходов/проходов или недостаточно, иди нет, или идти приходится по грязи... И вторая беда - недостаточное информирования о том, куда надо идти - не хватает корректных указателей. Надеюсь, когда стройка закончится, вокзал превратится в очередную транспортную жемчужину города.",
        "author": "Pavel Didenko",
        "review_rating": 5,
        "datetime": "2024-03-26T18:42:06.568Z"
    },
    {
        "id": 1273,
        "dislike": 2,
        "like": 6,
        "review_text": "Очень красивое здание вокзала. Доступность к метро ближайшее.( 2 входа,две линии зелёная и коричневая) \nПроводят ремонт на перронах. Наконец- то ! Убрали всеми неудобный мост- переход к перронам. Отдельное спасибо 👍\nВ самом вокзале сплошное недоразумение. Я частый пассажир этого вокзала. Неудобное расположение мест расположения залы ожидания. Какие-то неуютные, навевают грусть(😞. При такой богатой и шикарной архитектуре здания вокзала это минус. \nРазличные забегаловки, кафе присутствуют. Не заходила( не внушает доверия) \nИмеется камера хранения. Удобно👍",
        "author": "Мой Медок",
        "review_rating": 3,
        "datetime": "2024-03-31T15:53:37.198Z"
    },
    {
        "id": 1274,
        "dislike": 0,
        "like": 9,
        "review_text": "Удобная развязка пригородных платформ и поездов дальнего следования. Всё отдельно, пассажиропотоки разделены, всё удобно и безопасно. Архитектура вокзала очень интересная и красивая.",
        "author": "Tihonoff Manufactury",
        "review_rating": 5,
        "datetime": "2023-10-20T11:04:34.198Z"
    },
    {
        "id": 1275,
        "dislike": 0,
        "like": 6,
        "review_text": "Наш прекрасный Белорусский вокзал, одно из знаковых архитектурных украшения Москвы. С этим местом связаны воспоминания детства, юности. Связаны рассказы деда, отца о временах ВОВ, участниками которой они были. С тех пор вокзал внутри много раз менялся, но внешний облик остается неизменным, узнаваемым всегда. Слава богу сейчас вид у него ухоженный, чистый, радующий глаз.",
        "author": "Наталья Халчева",
        "review_rating": 5,
        "datetime": "2023-12-19T06:43:26.896Z"
    },
    {
        "id": 1276,
        "dislike": 3,
        "like": 2,
        "review_text": "Красивый вокзал, удобно расположен, за 25 лет значительно изменился в лучшую сторону- косметический ремонт, удобная и интуитивно понятная навигация, комфортные залы ожидания. Здесь до сих пор есть билетные кассы (да, ещё многие ими пользуются, как это когда то было, \"по старинке\", подойдёшь к окошку и ждешь подбора вариантов с удобным тебе местом. Бываю здесь проездом, в основном если кого-то встречаю-провожаю. Много раз уезжал от сюда на аэроэкспрессе в Шереметьево.",
        "author": "Vlad M'Sm",
        "review_rating": 5,
        "datetime": "2023-08-28T01:41:59.278Z"
    },
    {
        "id": 1277,
        "dislike": 0,
        "like": 5,
        "review_text": "Мой любимый вокзал ❤️‍🔥 до дома доезжаю быстро и удобно. С Белорусского вокзала можно на любом виде транспорта уехать в любую сторону. Единственное нужно внимательно заранее построить маршрут проезда и посмотреть где находится остановки, входы, выходы. Сотрудники вокзала очень отзывчивые.",
        "author": "Ирина Мартынова",
        "review_rating": 5,
        "datetime": "2024-02-13T12:20:02.161Z"
    },
    {
        "id": 1278,
        "dislike": 0,
        "like": 6,
        "review_text": "Красивое историческое место . Украшает площадь. Удобное расположение в центре города,рядом метро. Пользуемся для поездки на аэроэкспрессе. Единственно,что тесный зал ожидания. Мало сидячих мест",
        "author": "Инкогнито 9220",
        "review_rating": 5,
        "datetime": "2023-11-08T08:23:43.050Z"
    },
    {
        "id": 1279,
        "dislike": 0,
        "like": 0,
        "review_text": "Один из красивых вокзалов, г. Москвы, \nХорошее расположение, удобно добраться на метро, так можно добраться на надземной транспорте, в вокзала всё есть где покушать и провести время ожидания...",
        "author": "Лекс",
        "review_rating": 5,
        "datetime": "2023-11-04T12:49:54.572Z"
    },
    {
        "id": 1280,
        "dislike": 0,
        "like": 0,
        "review_text": "Сам вокзал очень удобно расположен к станции метро.\nКак и все остальные вокзалы, в некоторых местах требуется ремонт . Приятный и доброжелательный персонал... В доступности магазины, кафе",
        "author": "Юлия Морозова",
        "review_rating": 5,
        "datetime": "2023-12-14T22:52:14.108Z"
    },
    {
        "id": 1281,
        "dislike": 1,
        "like": 4,
        "review_text": "Хороший вокзал. Есть новое здание с современным залом ожидания, но есть и старое со старинным залом ожидания, необорудованными пандусами лестницами для пригородных поездов. На перрон можно попасть только через проходной пункт с досмотром багажа, так что ехать к поезду нужно заблаговременно. У выхода на перрон стоит памятник Славянке, провожающей сына на войну. При отправлении поезда 001 на Минск звучит марш Славянки.",
        "author": "Инна Иная",
        "review_rating": 5,
        "datetime": "2023-10-22T11:59:58.040Z"
    },
    {
        "id": 1282,
        "dislike": 1,
        "like": 7,
        "review_text": "Очень красивый с снаружи вокзал, внутри конечно же, не так роскошно. Касса и автоматы находятся также в здании. Кафе где можно что то скушать или попить чаю перед отправкой. Зона ожидания и место где расположится достаточно. Парковка для подьезда такси, и личного транспорта есть, а так же метро в шаговой доступности. Так же можно доехать или уехать на автобусе. Вокзал находится в самом сердце Москвы, рядом можно любоваться другими постройками.",
        "author": "pavel kachalkin",
        "review_rating": 4,
        "datetime": "2023-11-28T12:03:08.911Z"
    },
    {
        "id": 1283,
        "dislike": 0,
        "like": 6,
        "review_text": "Большой просторный, красивый вокзал. Зал ожидания на много уютнее, чем на других вокзалах города. Ходят экспресс электрички до аэропортов. Очень удобное расположение в центре города,рядом метро \" Белорусская\". Если вы без тяжёлого груза вещей, то с лёгкостью можете прогуляться по Тверской и пешком за полчаса дойти до Красной площади.",
        "author": "Мария Рыжкова",
        "review_rating": 5,
        "datetime": "2024-01-20T08:19:35.208Z"
    },
    {
        "id": 1284,
        "dislike": 0,
        "like": 0,
        "review_text": "Очень красивый вокзал, буквально кукольный, удобно разделена зона электричек и поездов дальнего следования. Чисто, хорошо охраняется, кажется крохотным по сравнению с Казанским, например...",
        "author": "Мария Я",
        "review_rating": 5,
        "datetime": "2024-04-03T12:25:06.812Z"
    },
    {
        "id": 1285,
        "dislike": 0,
        "like": 3,
        "review_text": "Стало удобно и просторно.\nВсе близко, все рядом и дти везде недалеко.\nПоявилось много направлений движения.\nУдобно такси подъехать.\nНадеюсь скоро достроят все пути и станет еще удобней.",
        "author": "Pavel Pavljuchenko",
        "review_rating": 4,
        "datetime": "2024-02-26T13:31:24.433Z"
    },
    {
        "id": 1286,
        "dislike": 3,
        "like": 18,
        "review_text": "Отличное место, есть все необходимое,чтобы комфортно провести время,везде убирают, чисто, в шаговой доступности метро, но, можно и пешком прогуляться до Красной площади .\nЕсть много кафешек магазинов .",
        "author": "Natallia T.",
        "review_rating": 5,
        "datetime": "2024-02-09T18:11:33.325Z"
    },
    {
        "id": 1287,
        "dislike": 10,
        "like": 9,
        "review_text": "Белорусский вокзал - просторный и комфортабельный вокзал на уровне европейских стандартов. Внутри всегда чисто, на станции есть кафе и магазины, где можно купить напитки и еду.\nЧто порадовало, так это информационное табло, которое показывает информацию о поездах с чётким расписанием и указанием номера пути.\nОчень удобно, что с вокзала удобно добираться до любой точки Москвы на любом транспорте. Всё вокруг хорошо обозначено, поэтому туристы и путешественники не затруднятся найти нужное место.\nОбщий вывод - это достойное место для начала путешествия или просто отправки в деловую поездку. Рекомендую!",
        "author": "Иван Макаренков",
        "review_rating": 5,
        "datetime": "2023-05-05T11:51:16.964Z"
    },
    {
        "id": 1288,
        "dislike": 1,
        "like": 8,
        "review_text": "Пришлось вчера побывать на белорусском вокзале,встречал поезд, соответственно приехал на машине,хорошая большая морковка перед вокзалом,мест свободных много,как и все морковки в Москве она платная,я как добросовестный гражданин пошло искать пункт оплаты,которого так и не нашел, только табличка на столбе,оплата по смс,что ни у кого не получалось,я был такой не один,и в службу поддержки звонил ,тишина,это все делается против людей,чтобы выписать штраф в размере 5 т.р.за не оплаченную парковку,вот так Москва встречает гостей,сразу штраф,фото прилагаю,только почему-то фото блокируют,вот это наше государство, всё за счёт народа",
        "author": "Олег Тазбаш",
        "review_rating": 2,
        "datetime": "2023-11-19T17:15:05.684Z"
    },
    {
        "id": 1289,
        "dislike": 0,
        "like": 0,
        "review_text": "Ох, знакомый, родной вокзал, место, куда я из года в год прибывала из родного города Орши, сейчас удобно, есть ласточка, из Москвы до моего города в Беларусь попасть можно всего ничего за 5 часов, все остальные поездки совершала в студенческие года на поездах, эх, лучшее время на свете и эта атмосфера поездов 👍",
        "author": "Настя Тарарыева",
        "review_rating": 5,
        "datetime": "2024-04-02T12:15:20.723Z"
    },
    {
        "id": 1290,
        "dislike": 2,
        "like": 5,
        "review_text": "Я хотел бы поделиться своим положительным опытом посещения белорусского вокзала. Вокзал оставил впечатление благоустроенного и хорошо организованного места.\n\nВо-первых, я оценил удобство расположения вокзала в центре города. Это позволило мне легко и быстро добраться до вокзала, используя общественный транспорт.\n\nВо-вторых, вокзал Белорусского направления предлагает широкий выбор маршрутов. Я был приятно удивлен разнообразием поездов и направлений, доступных для пассажиров. Это позволило мне выбрать оптимальный вариант для моего путешествия.\n\nТретье, я хотел бы отметить профессионализм и вежливость персонала вокзала. На вокзале работают отзывчивые и готовые помочь сотрудники, которые готовы ответить на все вопросы и предоставить необходимую информацию. Воспользовавшись помощью персонала, я без проблем смог найти свой путь и получить информацию о расписании и билетах.\n\nКроме того, я хотел бы отметить чистоту и комфорт внутри вокзала. Вокзал был аккуратным и уютным, а зоны ожидания были оборудованы удобными сиденьями. Вокзал также предлагает рестораны и кафе, где можно перекусить перед поездкой или после нее.\n\nНаконец, безопасность была одной из приоритетных задач вокзала Белорусского направления. Вокзал обладает современными системами безопасности, что создавало ощущение защищенности во время пребывания на вокзале.\n\nВ целом, мой опыт посещения белорусского вокзала был положительным. Я бы с удовольствием посетил его снова и рекомендовал бы его своим друзьям и знакомым..",
        "author": "артем нестерович",
        "review_rating": 5,
        "datetime": "2023-10-31T17:57:02.666Z"
    },
    {
        "id": 1291,
        "dislike": 2,
        "like": 7,
        "review_text": "Красивое, атмосферное место, а ещё и функциональное. Удобное расположение, выходы. А если есть немного времени до поезда- рядом много красивых и удобных мест для прогулки, интеллектуальных мероприятий и вкусного обеда. Люблю это место!",
        "author": "Светлана Смирнова",
        "review_rating": 5,
        "datetime": "2024-02-13T12:34:33.803Z"
    },
    {
        "id": 1292,
        "dislike": 0,
        "like": 0,
        "review_text": "Красиво, атмосферно. Любимый вокзал в Москве. Есть рестораны, кафе, все удобства. Отсюда ходит Аэроэкспресс в Шереметьево. Даже рабочие, проводившие электрику, тут вежливые и старались помочь разобраться с МЦД!",
        "author": "psy2906",
        "review_rating": 5,
        "datetime": "2023-12-14T17:04:34.928Z"
    },
    {
        "id": 1293,
        "dislike": 1,
        "like": 8,
        "review_text": "Историческое место. Вокзал красивый, в мятных тонах. Удивительно, очень компактный и в то же время вместимый. Очень посещаемое место горожанами и иногородцами. Возле скульптуры, где где жена, подруга провожает своего мужчину на фронт, невольно возвращаешься в военные годы второй мировой войны. Сразу понимаешь, сколько пережито было не одним поколением в этом месте, в центре Москвы.",
        "author": "Эльвира Закирова",
        "review_rating": 5,
        "datetime": "2024-03-02T13:04:47.610Z"
    },
    {
        "id": 1294,
        "dislike": 0,
        "like": 0,
        "review_text": "Практически самый старый вокзал в Москве. Но главное с современным подходом к требованиям безопасности. Небольшой и уютный. Навигация понятная и удобная. Рядом станция метро и аэроэкспресс до Шереметьево.",
        "author": "Pavel Bukharov",
        "review_rating": 4,
        "datetime": "2024-03-15T19:09:11.517Z"
    },
    {
        "id": 1295,
        "dislike": 2,
        "like": 8,
        "review_text": "Белорусский вокзал – прекрасное место для начала увлекательных приключений по Беларуси и за её пределами! Я был приятно удивлен качеством обслуживания и уровнем комфорта, предоставляемых на вокзале. Красивое и современное здание вокзала, просторные и чистые залы ожидания, а также удобное расположение железнодорожного узла делают поездку приятной и безопасной. Вокзал также обеспечивает широкий спектр услуг – от магазинов и кафе до информационных центров и проката автомобилей, что позволяет путешественникам легко планировать свои дальнейшие перемещения. Все сотрудники вокзала вежливы и готовы помочь, создавая атмосферу гостеприимства и радушия. Белорусский вокзал – это лицо Беларуси, где каждый пассажир чувствует себя желанным гостем и может насладиться отличным началом своей поездки.",
        "author": "Гном Чомски",
        "review_rating": 5,
        "datetime": "2023-10-31T05:33:21.857Z"
    },
    {
        "id": 1296,
        "dislike": 1,
        "like": 0,
        "review_text": "Самый мой любимый вокзал. Всё понятно. Расположение очень удачное: 2 станции метро: кольцевая и радиальная, хороший подъезд для машин, парковка. Внутри много магазинчиков, кафе. Кассы и аппараты для продажи билетов удобно расположены, по пути к платформам. Общественный транспорт рядом. В здании вокзала много банкоматов разных банков. Сейчас, в связи с благоустройством, не очень удобно, но это временно. Надеюсь, что будет ещë лучше.",
        "author": "Елена Павлова",
        "review_rating": 5,
        "datetime": "2023-08-11T13:49:03.744Z"
    },
    {
        "id": 1297,
        "dislike": 0,
        "like": 6,
        "review_text": "После рестоврации Белорусский вокзал стал намного красивее , современнее \n удобнее на все 100%. 👍👍👍Чаще стали ходить электрички. Даже до Можайска ездим с комфортом. 👏👏👏До Одинцово вообще нет проблем. Хорошо и удобно что ходит электричка до Шереметьева.",
        "author": "Нина Лицкевич",
        "review_rating": 5,
        "datetime": "2024-04-03T11:37:38.462Z"
    },
    {
        "id": 1298,
        "dislike": 0,
        "like": 0,
        "review_text": "Красивый, удобный, комфортный. Почти за час на аэроэкспрессе \nможно добраться до аэропорта Шереметьево. В зале ожидания аэроэкспресса (в расписании - каждые 30 минут) можно отдохнуть, выпить кофе с бутербродами. И минут за 10 до начала поездки, пройти на 14 путь, откуда следует аэроэкспресс до Шереметьево. Всем счастливого пути!",
        "author": "Елена Маркина",
        "review_rating": 5,
        "datetime": "2023-12-15T16:17:31.269Z"
    },
    {
        "id": 1299,
        "dislike": 4,
        "like": 9,
        "review_text": "Красивое здание самого вокзала. Удобный выход от метро. Есть точки питания в самом здании. Хорошая доступность в виду выгодного расположения вокзала. Удобство выхода к путям поездов. Чистые и опрятные места общего пользования. Работа служб безопасности на высоте. Доступность для лиц с ограничениями возможностями здоровья. \nИз сложностей: идёт ремонт и трансфер к аэроэкспрессу очень не удобный, большие очереди в кассах. Много людей курит на перроне.",
        "author": "Григорий Николаевич",
        "review_rating": 4,
        "datetime": "2023-11-09T17:07:07.324Z"
    },
    {
        "id": 1300,
        "dislike": 7,
        "like": 21,
        "review_text": "Удобно расположен, есть камеры хранения, возможность перекусить недорого, выбор кафешек, близко метро, аэроэкспресс , можно быстро добраться до центра(я имею ввиду Красную площадь) , я была проездом, время до самолета часов 5, нигде в Москве до этого не была, поэтому поехала на Красную площадь, была очень впечатлена, сколько раз по телеку видела, но нужно все увидеть наяву, красота! Но Гум не понравился, все очень дорого, поэтому людей почти нет внутри, может мне так показалось, решила, что обязательно приедем именно в Москву, но с внуками, все же каждый должен увидеть нашу столицу любимой страны",
        "author": "Люси",
        "review_rating": 5,
        "datetime": "2023-04-05T23:12:23.159Z"
    }
]