[
    {
        "id": 2111,
        "dislike": 0,
        "like": 3,
        "review_text": "Всё очень удобно. И кассы в здании, плюс ещё по обе стороны вокзала. И зал ожидания с кафешкой. Бесплатный чистый туалет. На платформе есть где посидеть. И сама атмосфера какая-то не напряжённая, как на других московских вокзалах. Мне нравится!)",
        "author": "Алекс Вольф",
        "review_rating": 5,
        "datetime": "2023-08-27T07:41:29.094Z"
    },
    {
        "id": 2112,
        "dislike": 0,
        "like": 3,
        "review_text": "Все отлично ,только не могу понять один факт....!? Почему народ который живёт ближе чем Лобня, всегда ломится на дальние рейса (Дмитров,Савелово ,Дубна) когда есть по графику и со всеми остановками Лобня и даже с повышенным комфортом Иволга. Странный народ будто 5 минут решит всю судьбу....",
        "author": "vitalik iskra",
        "review_rating": 5,
        "datetime": "2024-01-06T01:40:58.850Z"
    },
    {
        "id": 2113,
        "dislike": 1,
        "like": 3,
        "review_text": "Кошмар!!! Станция МЦД4 Савеловская- это издевательство для тех, кто должен взять билет, например, для федеральных льготников. Пожилые люди приходят на платформу и оказывается, что надо было взять бесплатный билет в кассе Савелов кого вокзала. Путь в кассы - это спуститься, подняться, пройти всю площадь, пройти контроль безопасности, а потом в обратный путь!!! Это занимает 10-15 минут у пожилого человека! И это федеральные льготники, заслуженные люди! За что им такое издевательство?",
        "author": "Ирина Бородина",
        "review_rating": 1,
        "datetime": "2023-11-07T11:07:45.063Z"
    },
    {
        "id": 2114,
        "dislike": 0,
        "like": 4,
        "review_text": "Пользуюсь редко, но всегда приятно, что без суеты, часто и чётко по расписанию ходят электрички. Удобные информативные табло, всё наглядно",
        "author": "Марианна Варшавская",
        "review_rating": 5,
        "datetime": "2023-12-26T18:17:12.177Z"
    },
    {
        "id": 2115,
        "dislike": 0,
        "like": 4,
        "review_text": "Чистая, прекрасно благоустроенная площадь. Автобусные остановки, недавно отремонтированный Савëловский вокзал.",
        "author": "Константин О.",
        "review_rating": 5,
        "datetime": "2023-12-29T14:16:14.939Z"
    },
    {
        "id": 2116,
        "dislike": 1,
        "like": 3,
        "review_text": "Чистая территория, много электронных кассовых аппаратов. Вежливый и отзывчивый персонал. Единственное нарицание это кашмарное состояние санузлов в электричках, чем грешат все направления. Это скорее относится к культуре пассажиров, но поддерживать чистату и порядок в нмх к администрации тоже относится.",
        "author": "Павел Чарный",
        "review_rating": 5,
        "datetime": "2024-01-07T06:55:39.169Z"
    },
    {
        "id": 2117,
        "dislike": 0,
        "like": 4,
        "review_text": "За последние 5 лет изменился КОСМИЧЕСКИ!\nЭта как машина времени во всех смыслах. Такой удобнейший транспортный узел. Аппараты по продаже билетов в достаточном количестве, как вишенка на торте.\n\nПриехал, опоздал на 2 минуты и 1,5 часа гулял, наслаждаясь вокзалом. Он скромный, но его скрытый потенциал ФАНТАСТИЧЕСКИЙ.\n\nЭто - КОСМОПРОТ, из к/ф «Гостья из будущего»🖐",
        "author": "Денис Хмелевской",
        "review_rating": 5,
        "datetime": "2023-10-30T07:55:25.245Z"
    },
    {
        "id": 2118,
        "dislike": 0,
        "like": 4,
        "review_text": "кайфовый вокзал ,чистый убранный понятный ,есть две станции метро серпуховско тимирязевской линии и бкл и ещё тут проходят 2 диаметра,что тоже довольно круто.Сам вокзал внешне красивый ,как и все воокзалы в городе.",
        "author": "странник донек",
        "review_rating": 5,
        "datetime": "2023-11-02T13:37:47.400Z"
    },
    {
        "id": 2119,
        "dislike": 0,
        "like": 3,
        "review_text": "Купил билет на аэроэкспресс, выхожу как по схеме на сайте аэроэкспрессе, путь #9, стою жду, случайно услышал аудио сообщение что отправляется с пути #1, побежал, еле успел интервалы между поездами почти час. Нет указателей, нет номера пути на табло и в 21:40 нет ни одного человека хотябы отдаленно напоминающего работника вокзала или охранника у кого спросить дорогу. Продавцы шаурмы уверенно отправляют на 9 путь, как и сайт. Не вокзал, а бардак.",
        "author": "sam",
        "review_rating": 2,
        "datetime": "2024-03-30T18:55:37.348Z"
    },
    {
        "id": 2120,
        "dislike": 1,
        "like": 4,
        "review_text": "Очень уютный, маленький, чистенький вокзал!!! Мне очень нравится!! Нет вокзальной суеты как на других вокзалах!!!",
        "author": "Юлия Банькова",
        "review_rating": 5,
        "datetime": "2024-01-17T15:36:16.402Z"
    },
    {
        "id": 2121,
        "dislike": 0,
        "like": 5,
        "review_text": "Любимый вокзал. Езжу часто. Радует чистота, четкое расписание, наличие небольших магазинчиков около перона. Кассы работают быстро, очередей за билетами нет.",
        "author": "Марина Рогозина",
        "review_rating": 5,
        "datetime": "2023-09-21T17:29:16.115Z"
    },
    {
        "id": 2122,
        "dislike": 1,
        "like": 5,
        "review_text": "Самый родной вокзал, мне нравится то, что здесь всегда чистота, на 3 этаже прекрасный чистый зал и даже имеется часовня, очень благодарное местечко. Благодарю строителей пространства Савеловского вокзала. Желаю сохранять ваши традиции и соблюдать порядок. И люди очень приятные здесь, и охрана и обслуживающий персонал. \nВнизу на 0 этаже расположен чистый(!) Туалет. На 3 этаже есть кассы дальнего следования, где можно приобрести билет на любое направление (!).\nДобро пожаловать на Савеловский вокзал)))",
        "author": "Татьяна Абдурашидова",
        "review_rating": 5,
        "datetime": "2023-10-30T20:53:40.683Z"
    },
    {
        "id": 2123,
        "dislike": 0,
        "like": 4,
        "review_text": "Всё замечательно, только есть пара замечаний\nОтвратительная скользкая плитка на выходе с вокзала. Многие проходят и ругаются едва не падая.\nОчередей больших обычно нет, хотя кассы открыты не многие, их заменяют автоматы, что определённо лучше.\nПерсонал адекватный по большей части, не считая приколистов которые на том же входе/выходе ржут над спешащими на поезд людьми периодически, неприятно бежать и терпеть шутеечки",
        "author": "Рита Р.",
        "review_rating": 3,
        "datetime": "2023-12-11T11:15:58.843Z"
    },
    {
        "id": 2124,
        "dislike": 5,
        "like": 1,
        "review_text": "Вокзал хороший, огорчает платформа номер 9, туда нужно пройти тяжёлый путь для того что бы попасть на поезд в область, а там останавливаться большинство, просьба решить проблему и продумать лифт и эскалатор",
        "author": "Артур Тиллябаев",
        "review_rating": 3,
        "datetime": "2023-10-25T15:18:23.240Z"
    },
    {
        "id": 2125,
        "dislike": 0,
        "like": 3,
        "review_text": "Мало табло, иногда работает не корректно, надо больше электричек в пики. В целом чисто всегда. Есть место питания, перекусить.",
        "author": "Welcom Nail",
        "review_rating": 4,
        "datetime": "2023-11-16T06:15:58.426Z"
    },
    {
        "id": 2126,
        "dislike": 0,
        "like": 8,
        "review_text": "Чистота и порядок! Всё вовремя. Хорошие магазины и кафе. На третьем этаже - часовня и очень аккуратный зал ожидания. О нём мало кто знает, пустой. Очень рекомендую. Лифт есть. Приветливые сотрудники. Всегда помогают пенсионерам и маломобильным гражданам. Мой любимый вокзал",
        "author": "Елена Гераскина",
        "review_rating": 5,
        "datetime": "2023-07-25T18:32:01.469Z"
    },
    {
        "id": 2127,
        "dislike": 0,
        "like": 3,
        "review_text": "Хороший вокзал, точнее пересадка с метро рядом. При входе в метро ОЧЕНЬ много бомжей, прям очень и ведут себя соответственно. Вонь стоит кислятиной и носками, курят прям в переходе, пьют, спят и один раз наблюдал такую картину, одна \"дама\" выбежала на улицу наблевала и обратно в переход. Полиция ходит воздух гоняет им не до них.",
        "author": "The Dli",
        "review_rating": 5,
        "datetime": "2024-01-27T19:54:26.369Z"
    },
    {
        "id": 2128,
        "dislike": 2,
        "like": 5,
        "review_text": "Расписание МЦД поездов в последнее время - просто издевательство над людьми! Вчера был день города! Электрички внезапно сократили на целый час с лишним, а я конечно, не проверила. Нормально вообще? Понятно же, что в это день много людей до поздна в Москве! Обычно электрички ходят до 01:40\nТак же часто нет электричек с 22 до 23, а ничего, что люди многие работают 2/2 и далеко не в 6 вечера из офисов выходят? В итоге на платформе толпа, в поездах толпа, на Лобне потом пол часа невозможно вызвать такси просто не за какие деньги, потому что огромное количество людей копится за этот час и там выходит!!! Просто уже нет цензурных слов. Разорилась уже на такси, то ли переезжать с этого направления, то ли машину покупать уже. Спасибо, хоть на Тимирязевской теперь удобно. Но... сколько ее стоили? Целую вечность. В Депо вообще стройка встала - полная разруха. Хорошо, хоть мост с дырками размером счеловеческую ногу в аварийном состоянии хоть немного подлатали. \nНа Савеловской неприятные охранники у турникетов, ведут себя фамильярно, матерятся между собой. Проведите работу с людьми или наймите нормальных!! (",
        "author": "Анастасия К.",
        "review_rating": 1,
        "datetime": "2023-09-10T09:23:30.191Z"
    },
    {
        "id": 2129,
        "dislike": 0,
        "like": 4,
        "review_text": "Очень приятно приезжать на старенький,и очень чистый вокзал,приветливая и опрятная охрана всегда обьеснят не хуже чем вСправочном бюро куда,когда можно быстро узнать .Подкачал немножко сервис питания , единственное кафе на первом этаже закрыто на ремонт причем давно,но в целом впечатление хорошее,я надеюсь что руководство вокзала примет просьбы пассажиров и гостей столицы и кафе откроют",
        "author": "Александр Д",
        "review_rating": 5,
        "datetime": "2022-10-31T17:41:14.986Z"
    },
    {
        "id": 2130,
        "dislike": 0,
        "like": 3,
        "review_text": "Уютный, маленький, аккуратный, чисткнький вокзал. Симпатичное здание. Хорошо и грамотно организованный ТПУ на привокзальной площади.",
        "author": "Сергей Амплеев",
        "review_rating": 5,
        "datetime": "2024-04-02T14:38:19.672Z"
    },
    {
        "id": 2131,
        "dislike": 0,
        "like": 3,
        "review_text": "Хороший,чистый вокзал,,можно выпить вкусный кофе или перекусить на любой вкус.,несколько кафе,есть КФС. Плохо,что поезда отходят почти всегда только с 9 пути,ну может это временные непоиятности",
        "author": "Наиля Измаилова",
        "review_rating": 4,
        "datetime": "2023-12-03T14:26:51.109Z"
    },
    {
        "id": 2132,
        "dislike": 0,
        "like": 3,
        "review_text": "Вокзал стал приличным местом, спокойно, чисто, кафешки, лавчонки (конфеты,выпечка,икра,мороженое), туалет стал бесплатным.",
        "author": "Наталия",
        "review_rating": 5,
        "datetime": "2024-02-13T16:01:00.573Z"
    },
    {
        "id": 2133,
        "dislike": 0,
        "like": 4,
        "review_text": "Удобное расположение платформ при выходе из метро, есть магазины, кафе для перекуса, понятная навигация. При посадке на D1 значительно меньше людей, чем на Белорусской и Беговой.",
        "author": "Ирина Леонтьева",
        "review_rating": 5,
        "datetime": "2023-10-13T06:15:34.949Z"
    },
    {
        "id": 2134,
        "dislike": 1,
        "like": 4,
        "review_text": "22.12.23 ~в 14:30 Приехал со станции Новодачная на савеловскую.\nНа станции наводачная не было турникетов, были только зеленые валидаторы. Я подошел активировал поезду через валидатор и сел в электричку. Доехав до Савеловский меня турникет не выпускал. Я подошел к контролеру-охраннику которая стояла около турника, чтобы она подсказала что мне сделать в таком случае. Она меня обматерила и облевала. Послала куда подальше.\nЖенщина лет 40 низкорослая плотного телосложения. Прошу администрацию Савеловского вокзала разобраться с данной ситуацией и применить соответствующие меры!",
        "author": "Паша Т.",
        "review_rating": 1,
        "datetime": "2023-12-22T11:46:52.303Z"
    },
    {
        "id": 2135,
        "dislike": 0,
        "like": 3,
        "review_text": "После ремонта стало комфортно. Рядом парковка для оперативной высадки и посадки даже денег не надо платить. Зато гарантировано есть место! На вокзале туалеты чистые и бесплатные.",
        "author": "Владимир К.",
        "review_rating": 5,
        "datetime": "2024-01-23T14:13:39.662Z"
    },
    {
        "id": 2136,
        "dislike": 0,
        "like": 3,
        "review_text": "Туалеты всегда чистые, персонал культурный, вежливый, на платформах чисто ( много урн для мусора), очень хорошо поставлена работа службы безопасности (все проверяют), постоянно дежурят россгвардия с полицией, дежурный по вокзалу сразу реагируют на жалобы, молодцы!!!!!",
        "author": "Татьяна Шаталова",
        "review_rating": 5,
        "datetime": "2023-04-26T10:33:26.027Z"
    },
    {
        "id": 2137,
        "dislike": 0,
        "like": 3,
        "review_text": "Очень удобно и чисто, везде указатели, табло, не заблудитесь. Рядом метро, автобусы, диаметры, отличная развязка. Респект.",
        "author": "Туся Николаева",
        "review_rating": 5,
        "datetime": "2024-03-16T14:01:46.376Z"
    },
    {
        "id": 2138,
        "dislike": 0,
        "like": 3,
        "review_text": "Удобная станция, есть много мест, чтобы перекусить или попить кофе. Перроны просторные. НО нужно быть очень осторожным ,когда проходите турникеты ,там ОЧЕНЬ скользкая плитка, особенно когда снег, многие падают .",
        "author": "Татьяна Чужова",
        "review_rating": 5,
        "datetime": "2024-01-20T14:42:17.364Z"
    },
    {
        "id": 2139,
        "dislike": 0,
        "like": 5,
        "review_text": "Вполне хорошие станции, есть где поесть или посидеть, туалеты тоже чистые, вообщем вокзал как вокзал",
        "author": "Prosto Kurator",
        "review_rating": 5,
        "datetime": "2024-02-15T06:07:12.464Z"
    },
    {
        "id": 2140,
        "dislike": 0,
        "like": 4,
        "review_text": "Ничего особенного. На вокзале можно подождать электричку, если на улице холодно или дождь. Есть туалет, бесплатный. КФС внутри вокзала. На станции есть где перекусить или попить кофе.",
        "author": "Ирина Загудаева",
        "review_rating": 5,
        "datetime": "2023-12-16T10:17:46.958Z"
    },
    {
        "id": 2141,
        "dislike": 0,
        "like": 6,
        "review_text": "Удобная станция в целом. Рядом с метро, через подземный переход. Единственный минус это то что зимой не всегда оперативно убирают снег по центру перрона. Такое ощущение что копят посредине побольше, чтоб потом убрать разом.",
        "author": "Александр К",
        "review_rating": 4,
        "datetime": "2023-09-19T11:50:17.695Z"
    },
    {
        "id": 2142,
        "dislike": 0,
        "like": 4,
        "review_text": "Савёловский вокзал расскажет вам как запутаны улицы Долгопрудного, как угрюма Лобня осенью, как дождлива Икша в Августе. Вы узнаете насколько солнечно в Дмитрове и как дружелюбны жители Савёлово.",
        "author": "Dark Mind",
        "review_rating": 5,
        "datetime": "2024-01-05T04:41:18.125Z"
    },
    {
        "id": 2143,
        "dislike": 0,
        "like": 3,
        "review_text": "Неплохой вокзал, тепло, чисто. \nЧистые туалеты, Работает лифт.Камера хранения. Охрана. Есть кофе где можно перекусить и попить чай. Рядом остановка.",
        "author": "Олег",
        "review_rating": 5,
        "datetime": "2023-11-04T16:29:40.670Z"
    },
    {
        "id": 2144,
        "dislike": 0,
        "like": 3,
        "review_text": "Самый малолюдный из московских вокзалов, что положительно отражается на работе. Хороший и поддерживаемый в чистом состоянии туалет, наличие буфета KFC как в зале, так и на платформе. Зря убрали дезинфекторы после пандемии. Барахлит световое табло на 9 платформе!",
        "author": "Владимир Шебанов",
        "review_rating": 5,
        "datetime": "2023-11-02T11:57:54.793Z"
    },
    {
        "id": 2145,
        "dislike": 0,
        "like": 4,
        "review_text": "Удобные переходы, чисто, много полезных торговых точек и снаружи и внутри. Кассовые автоматы у обоих турникетных павильонов снаружи, классические кассы внутри. Там же кассы дальнего следования и дежурный по станции.",
        "author": "Serguei Roukavishnikov",
        "review_rating": 5,
        "datetime": "2023-08-07T09:33:27.324Z"
    },
    {
        "id": 2146,
        "dislike": 0,
        "like": 11,
        "review_text": "Хороший вокзал, удобный. Много касс, с персоналом и автоматов, вежливый и быстро работающий персонал. В цокольном этаже туалетные комнаты, есть лифт. КФС на перроне и в здании, есть и другие точки для перекуса. Чистая территория, понятная навигация. Автобусные остановки возле вокзала удобно расположены, много маршрутов.",
        "author": "Надежда Петросян",
        "review_rating": 5,
        "datetime": "2023-07-10T17:29:29.152Z"
    },
    {
        "id": 2147,
        "dislike": 0,
        "like": 5,
        "review_text": "С детства нравится этот вокзал, спокойное место, сам вокзал отремонтирован , есть туалеты бесплатные, зал ожидания, точки питания. Рекомендую для встреч.",
        "author": "Лана Че",
        "review_rating": 5,
        "datetime": "2023-12-23T12:29:23.141Z"
    },
    {
        "id": 2148,
        "dislike": 0,
        "like": 3,
        "review_text": "Я часто пользуюсь услугами жд по Ярославском направлению. И то ,что главное, до Савёлово составов много. \nНо очень обидно, что из Савёлово до Санкова всего очень мало рейсов. Приходиться успевать ,чтобы не ночевать в вокзале.",
        "author": "Анита Наумова",
        "review_rating": 5,
        "datetime": "2023-11-30T17:41:22.810Z"
    },
    {
        "id": 2149,
        "dislike": 1,
        "like": 3,
        "review_text": "Станция промышленного района. \n\nНо удобная с точки зрения транспортной доступности. И до нее, и от нее. \n\nНе мешало бы обновить. \n\nКак и весь Д1 в целом.",
        "author": "Илья Евстафьев",
        "review_rating": 4,
        "datetime": "2024-02-14T11:44:33.004Z"
    },
    {
        "id": 2150,
        "dislike": 0,
        "like": 5,
        "review_text": "Расположен на севере Москвы, в непосредственной близости от одноимённой станции метро. Много остановок различных маршрутов автобусов. Много мест для отдыха и ожидания электрички. Практически нет поездов дальнего следования. Конечно есть кафешки, рядом точки быстрого питания. Довольно свежий ремонт, наличие весьма чистых туалетов. Наличие касс дальнего следования как с живым кассиром так и терминалов по продаже билетов.",
        "author": "Владислав В.",
        "review_rating": 5,
        "datetime": "2022-10-26T17:02:05.352Z"
    },
    {
        "id": 2151,
        "dislike": 1,
        "like": 6,
        "review_text": "Вокзал очень хороший, туалеты чистые, все расположено к комфортному пользованию. Но кассиры- это дно этого вокзала. Позволяют себе хамить и закрывать рты пассажирам, которые покупают билеты. \nОбратилась с проблемой, начала ее описывать, на что кассир сказала « закройте рот». Пропало желание оплачивать билеты на пути, дабы не кормить таких ***, Как это кассир.",
        "author": "Даша березина",
        "review_rating": 1,
        "datetime": "2023-09-20T14:31:42.187Z"
    },
    {
        "id": 2152,
        "dislike": 1,
        "like": 3,
        "review_text": "Дорога в пригород Москвы на комфортном поезде. Едем кататься на лыжах на классную турбазу. Отдых выходного дня.",
        "author": "anastasia51255125",
        "review_rating": 5,
        "datetime": "2024-01-05T21:09:10.336Z"
    },
    {
        "id": 2153,
        "dislike": 0,
        "like": 3,
        "review_text": "Удобно и оперативный доступ к поездам. Главное не забыть приложить карту для активации - не из всех вагонов к ним доступ, терминалы рядом с выходом.",
        "author": "Alexander Davydov",
        "review_rating": 5,
        "datetime": "2024-02-05T13:15:21.539Z"
    },
    {
        "id": 2154,
        "dislike": 0,
        "like": 7,
        "review_text": "Прекрасный вокзал со своей историей. Радует, что есть остановка Аэроэкспресса. Раньше поезда проезжали мимо этой станции. Оплата так как по тройке и по билетам. Для тех кто садится в Аэроэкспресс в сторону аэропорта, должны знать, что поезд останавливается до Окружной, а дальше уже по тарифу Аэроэкспресса до аэропорта. На обратном до Одинцово, он практически останавливается на всех станциях. Там есть и другие электрички. КФС есть внутри вокзала. Но внутри помещения мало кафе. А снаружи много. Там кофейни есть и много чего. Рядм магазины. Вкусвилл, продукты. И так далее. Сбербанк тоже есть.",
        "author": "arierro",
        "review_rating": 5,
        "datetime": "2022-12-17T11:59:13.866Z"
    },
    {
        "id": 2155,
        "dislike": 0,
        "like": 4,
        "review_text": "На территории можно выпить кофе, зайти в магазин Красная рыба за покупками,. Всё удобно расположено. Мне нравится Савеловская👍",
        "author": "Алла Мовчун",
        "review_rating": 5,
        "datetime": "2024-03-05T18:01:14.558Z"
    },
    {
        "id": 2156,
        "dislike": 1,
        "like": 2,
        "review_text": "Отвоатительный вокзал, с отвратительным расписанием. Приходится проявлять экстрасенсорные способности чтобы угадать расписание. Электричка в 00.07 по расписанию до Лобни оказалась с конечной на вокзале))",
        "author": "Аделина А.",
        "review_rating": 1,
        "datetime": "2024-01-19T21:20:17.720Z"
    },
    {
        "id": 2157,
        "dislike": 1,
        "like": 3,
        "review_text": "Очень красивый вокзал, небольшой, но очень уютный. Людей немного, есть где посидеть, удобные лавочки, есть где зарядить телефон. Туалеты чистые.",
        "author": "Ольга Романеева",
        "review_rating": 5,
        "datetime": "2023-12-04T11:27:44.617Z"
    },
    {
        "id": 2158,
        "dislike": 0,
        "like": 4,
        "review_text": "Практически ежедневно пересаживаюсь здесь с поезда диаметра на метро. Очень удобно. Есть магазинчики, где по пути на работу можно купить продукты. Если нужен именно вокзал, то тоже все хорошо- есть кафе, санитарные комнаты. Охрана. Рядом с вокзалом магазины продуктовые и тц.",
        "author": "Татьяна Степанюк",
        "review_rating": 5,
        "datetime": "2024-01-02T07:43:27.821Z"
    },
    {
        "id": 2159,
        "dislike": 0,
        "like": 4,
        "review_text": "Хорошая станция. По сравнению, с тем, что было лет 10 назад, то сейчас очень удобная для пассажиров. Метро, автобусные остановки, удобные выходы на платформы, свободная и просторная привокзальная площадь. Покупка билетов через автоматы.",
        "author": "Владимир Балаухин",
        "review_rating": 5,
        "datetime": "2023-10-28T07:43:03.306Z"
    },
    {
        "id": 2160,
        "dislike": 1,
        "like": 4,
        "review_text": "Маленький вокзал, что необычно для Москвы. Оказывается, что поезда только пригородные. Вокзал чистый, такси подъезжает прям к вокзалу, что очень удобно.",
        "author": "Людмила Ф",
        "review_rating": 5,
        "datetime": "2023-09-10T13:14:37.966Z"
    }
]