[
    {
        "id": 1201,
        "dislike": 2,
        "like": 4,
        "review_text": "Большое старинное здание, смотрится очень величественно, много торговых павильонов,разных пунктов питания,сувенирных лавок. Удобный зал ожидания,свободные лавки для сидения.Множество билетных касс,рядом с вокзалом находится парковка для такси и стоянки автобусов,в шаговой доступности станция метро. Вежливый компитентный персонал.Удобные платформы для посадки в поезда",
        "author": "Olga Basmakova",
        "review_rating": 5,
        "datetime": "2023-08-17T16:39:33.184Z"
    },
    {
        "id": 1202,
        "dislike": 1,
        "like": 0,
        "review_text": "Хороший вокзал, большой, красивый, удобно что можно в метро сразу попасть и хорошо что сделали лифт наверх, можно отдохнуть посидеть, есть магазинчике с нормальными ценами можно купить подарочки в дорогу если не успели и сладости в подарок!!!",
        "author": "Любовь С.",
        "review_rating": 5,
        "datetime": "2024-02-06T13:27:22.990Z"
    },
    {
        "id": 1203,
        "dislike": 0,
        "like": 0,
        "review_text": "Был в бизнес-зале Павелецкого в октябре 2023 г. Массажное кресло - это здорово. Камера хранения - удобно. Но вот все остальное удручает. Персонал вежливый, но первым почему-то не здоровается. В зале жарко и душно. Меню откровенно скудное, временами не хватает чистой посуды. Кофемашина сломана, наливает только американо (молока нет вообще) и то через раз. На столах невытертые пятна. Но самое смешное - это как персонал втихаря наливает вино по бокалам, но только тем посетителям, которые про вино знают и спрашивают у персонала. Для всех остальных - только вода с газом/без газа и выдохшийся вскрытый \"Дюшес\" в холодильнике. Ну и самый атас - неубранные туалеты с кучей использованных салфеток вокруг раковины. На контрасте с бизнес-залом Московского вокзала в СПб - это шок. Не знаю, кто ходит в Павелецкий бизнес-зал за деньги, а не по банковским программам лояльности? Не рекомендую, не понравилось.",
        "author": "Sergey K",
        "review_rating": 2,
        "datetime": "2023-10-26T13:39:48.741Z"
    },
    {
        "id": 1204,
        "dislike": 0,
        "like": 0,
        "review_text": "Комфортно и удобно все. Рядом множество кофейнь и торговый центр, удобное месторасположение и приятно удивил аэроэкспресс. Жаль раньше не ездила на нем, гораздо комфортнее и быстрее такси, добираться до Домодедово!",
        "author": "Альвина Счастливцева",
        "review_rating": 5,
        "datetime": "2024-02-05T15:36:41.269Z"
    },
    {
        "id": 1205,
        "dislike": 0,
        "like": 0,
        "review_text": "Неплохой, современный, функциональный вокзал с понятным входом/выходом на перрон. Удобен с точки зрения транспортной развязки. На вокзал/с вокзала можно попасть сразу из метро. Аэроэкспресс до аэропорта Домодедово. \nКрасивая площадь и привокзальная территория. \nМного кафе-магазинов-аптек. \nЗвезду сняла за состояние туалетных комнат.",
        "author": "Людмилка Чер",
        "review_rating": 4,
        "datetime": "2024-04-08T04:54:11.631Z"
    },
    {
        "id": 1206,
        "dislike": 0,
        "like": 0,
        "review_text": "Пользовались залом для маломобильных пассажиров, все очень понравилось, тепло, чисто, отдельные комнаты для ожидания, удобные мягкие диванчики, чай, кофе! Две туалетных комнаты с душем. Спасибо вам за комфорт, душевное тепло и за оказанную помощь со спецсредствами и с багажом.",
        "author": "Angel Chene",
        "review_rating": 5,
        "datetime": "2023-11-03T03:56:27.225Z"
    },
    {
        "id": 1207,
        "dislike": 1,
        "like": 9,
        "review_text": "Красивый, удобный вокзал. Хорошая транспортная доступность, удобно добираться на метро. Есть камеры хранения куда можно сдать богаж. Рядом красивый парк и подземный торговый центр где можно скоротать время в ожидании поезда.",
        "author": "Александр Ф.",
        "review_rating": 5,
        "datetime": "2024-03-04T18:30:48.984Z"
    },
    {
        "id": 1208,
        "dislike": 0,
        "like": 0,
        "review_text": "Достаточно удобно, все под рукой. Постарались совместить и качество и удобство современности в красивом старом фасаде памятника архитектуры. Очень хорошо благоустроен. И для тех кто с животными если надо очень по скорому есть куда добежать в сквер для этих дел. Очень хороший вокзал. Ну и конечно кафе, магазины для ожидания все есть.",
        "author": "Alena Kosolapova",
        "review_rating": 5,
        "datetime": "2024-01-09T02:12:14.003Z"
    },
    {
        "id": 1209,
        "dislike": 0,
        "like": 0,
        "review_text": "Вокзал очень удобен в пользовании. Указатели расположены грамотно и доступно. Удобные камеры хранения. От вокзала ходят аэробусы в аэропорт. Удобный выход на перон. В здании вокзала имеются несколько кафе и пирожковый где можно вкусно перекусить или запастись едой в поездку. Рядом с вокзалом расположен торговый центр Павелецкая плаза, куда можно попасть из подземного перехода.",
        "author": "Мария Гаврилова",
        "review_rating": 5,
        "datetime": "2023-12-19T13:01:12.428Z"
    },
    {
        "id": 1210,
        "dislike": 7,
        "like": 12,
        "review_text": "Все познается в сравнении\nКаждый месяц бываю на Павелецком и Казанском вокзале\nИ первый по всем параметрам удобнее и комфортнее\nВ залах ожидания всегда есть свободные места и розетки всегда в рабочем состоянии\nКассы дальнего следования расположены совсем рядом в этом же здании, а не как на казанском в соседнем , с выходом и заходом через досмотр и улицу\nНа Павелецком практически нет очередей в кассах, потому что всегда открыто минимум 5-6\nНа казанском бывало, что работало 2 кассы, и из-за долгого ожидания чуть не опоздал на поезд\nВ целом Павелецкий вокзал по всем параметрам очень удобный комфортный и современный\nПеред ним на площади теперь красивые места для отдыха и торговый центр Павелецкая плаза\nВ самом вокзале есть гостиница, много кулинарных заведений, фастфудов, банкоматов, туалет и выходы к метро и аэроэкспрессу",
        "author": "Владислав",
        "review_rating": 5,
        "datetime": "2023-10-07T22:24:58.283Z"
    },
    {
        "id": 1211,
        "dislike": 1,
        "like": 5,
        "review_text": "Один из прекраснейших вокзалов Москвы.\nБезопасность на высоте,туалеты чистые, перекусить более чем, терминалы и банкоматы, табло информации и голосовое оповещение, комнаты отдыха.\nЕсть минусы, платная парковка для ожидающих, оповещение на платформе очень тихое и с опозданием(когда поезд уже пришёл и бежишь в конец поезда). Ошибки на табло не редкость так как указывают не поезд прибытия, а уже номер отбытия. Впечатление в любом случае положительное!",
        "author": "кирилл митяев",
        "review_rating": 5,
        "datetime": "2024-02-29T13:05:24.466Z"
    },
    {
        "id": 1212,
        "dislike": 0,
        "like": 1,
        "review_text": "Один из вокзалов г. Москва. Каждый вокзал столицы прекрасен. Своими особенностями привлекает и Павелецкий. Очень удобный, много кафе, фаст-фуд, магазины. Чисто и аккуратно. Аэроэкспресс до аэропорта Домодедово. Рядом с метро. Красивая площадь.",
        "author": "Сергей Смирнов",
        "review_rating": 5,
        "datetime": "2023-10-28T11:03:13.490Z"
    },
    {
        "id": 1213,
        "dislike": 0,
        "like": 4,
        "review_text": "Уровень обслуживания высокий . Все есть и перекусить где и отдохнуть и туалеты чистые . Цены на вип комнату завышены по сравнению с другими местами . И автоматическая камера хранения ограничен срок хранения максимум 24 часа . За превышение 250 р за час и нельзя дистанционно продлить по нормальной цене .Было б правильно взависимости от заполненности и срока хранения цену подстраивать . Дольше дешевле..",
        "author": "Игорь Колмыков",
        "review_rating": 4,
        "datetime": "2023-12-18T11:08:47.168Z"
    },
    {
        "id": 1214,
        "dislike": 0,
        "like": 0,
        "review_text": "Повелецкий вокзал – один из 10 железнодорожных вокзалов Москвы, пассажирский терминал станции Москва – пассажирская – Павелецкая. Расположен на красивой Павелецкой площади, Рядом торговый комплекс Павелецкая Плаза. Достаточно чисто, хорошие туалеты, точки общепита разнообразного питания KFC, Burger King… Хороший зал ожидания, эскалаторы, вход в метро на радиальную ветку, тут же, из зала прибытия электричек.",
        "author": "larisa B.",
        "review_rating": 5,
        "datetime": "2024-04-08T09:02:06.059Z"
    },
    {
        "id": 1215,
        "dislike": 0,
        "like": 8,
        "review_text": "Очень удобный выход на вокзал (хоть из метро, хоть с улицы), рядом хорошие отели, красивая площадь, ТЦ, места, где можно поесть и прогуляться. Вечером изумительная подсветка. Ну а променад перед Павелецким навечно в моем сердечке - место для прощаний идеальное.",
        "author": "Дарья У.",
        "review_rating": 5,
        "datetime": "2023-11-27T16:29:33.645Z"
    },
    {
        "id": 1216,
        "dislike": 0,
        "like": 0,
        "review_text": "Вокзал красивый!!! Дежурят полицейские, что необходимо для настоящего времени! Народу всегда много, метро рядом, что очень удобно, есть много разных магазинчиков, можно взять что-то с собой в дорогу!!",
        "author": "Евгений К.",
        "review_rating": 5,
        "datetime": "2024-03-29T18:07:38.642Z"
    },
    {
        "id": 1217,
        "dislike": 0,
        "like": 0,
        "review_text": "Очень красивая площадка для отдыха к Павелецкого вокзала. Уютные деревянные скамейки, качели. Смотровая площадка. И конечно торговый центр Павелецкая плаза. Магазины находятся на минус третьем этаже. Красиво, комфортно.",
        "author": "Валентина Заболотних",
        "review_rating": 5,
        "datetime": "2023-11-25T17:34:45.614Z"
    },
    {
        "id": 1218,
        "dislike": 2,
        "like": 2,
        "review_text": "Павелецкий железнодорожный вокзал - один из крупнейших и наиболее оживленных вокзалов Москвы. Он расположен в центре города, на улице Кожевническая, и является отправной точкой для многих поездок по России и за ее пределы.\nНа территории вокзала расположены множество кафе, ресторанов, магазинов, банков, аптек и других точек общественного питания и услуг. Есть комнаты ожидания, туалеты, душевые, камеры хранения багажа и другие удобства для пассажиров.\n\nПавелецкий вокзал обслуживает поезда различных направлений: южное, юго-восточное, юго-западное, кавказское, крымское и другие. Здесь можно купить билеты на поезда дальнего следования, пригородные электрички и автобусы.\n\nВ целом, Павелецкий железнодорожный вокзал - это современный и удобный комплекс, который обеспечивает пассажирам все необходимые условия для комфортного и безопасного путешествия.\n\nНемного из истории вокзала.\nПавелецкий железнодорожный вокзал был открыт 1 мая 1900 года. Он был построен на месте старого вокзала, который был построен в 1851 году. Новый вокзал был спроектирован архитектором Алексеем Шчусевым, который также спроектировал Центральный дом художника и Мавзолей Ленина на Красной площади.\n\nВ начале 20-го века Павелецкий вокзал стал одним из крупнейших вокзалов Москвы. В 1920-х годах здесь начались эксперименты по созданию электрических поездов, которые затем стали основным средством передвижения по городу и пригородам.\n\nВ период Великой Отечественной войны вокзал был разрушен бомбардировками, но был восстановлен после войны. В 1950-х годах на территории вокзала была построена новая пассажирская платформа, а в 1960-х годах были установлены новые знаки и указатели.\n\nВ 2000-х годах Павелецкий вокзал был модернизирован и реконструирован. В 2003 году была открыта новая пассажирская зона, а в 2009 году была открыта новая автобусная станция.\n\nСегодня Павелецкий вокзал является одним из крупнейших и наиболее оживленных вокзалов Москвы. Он обслуживает множество поездов различных направлений и предоставляет пассажирам все необходимые условия для комфортного и безопасного путешествия.",
        "author": "Igor Moskovtcev",
        "review_rating": 5,
        "datetime": "2024-02-12T02:06:13.563Z"
    },
    {
        "id": 1219,
        "dislike": 0,
        "like": 5,
        "review_text": "Отлично подходит как переночевать так и провести несколько дней если вопрос стоит как ПЕРЕНОЧЕВАТЬ! Довольнл чисто и организовано. Белье чистое,кравати удобные ,приличное.номера не большие но комфортные. В шаговой доступности все необходимые магазины и кафе.",
        "author": "Eвгений Смолин",
        "review_rating": 5,
        "datetime": "2024-03-24T18:15:19.581Z"
    },
    {
        "id": 1220,
        "dislike": 0,
        "like": 0,
        "review_text": "С рдной стороны, на вокзале чисто. Хорошо организовано распределение транспортных потоков. Практически не бывает очередей на вход в вокзал и выход. \nНо, постоянно суетятся странные молодые люди, которые навязывают непонятно какие услуги приезжим. Полиция данные действия игнорирует игнорирует. (Может я что-то не знаю).\nПочти 6месяцев закрыт вход в метро из злания вокзала. Необходимо выходить и спускаться в метро через улицу, однако войти в вокзал через метро возможно. \nИ самое нлавное, фиктивный досмотр на входе в злание вокзала. Работникам транспортной безопасности надо ьрать уроки у коллег из Сочи. Там досматривают полностью и всякие отговорки не спасают",
        "author": "Владимир Дуванский",
        "review_rating": 3,
        "datetime": "2024-01-09T10:58:20.916Z"
    },
    {
        "id": 1221,
        "dislike": 1,
        "like": 5,
        "review_text": "Чистый, уютный, разнообразие многообразие различных павильонов, достаточно удобная развязка, удобный график и доступность. Грамотный и доброжелательное обслуживающий персонал, хорошая обстановка при ожидании.",
        "author": "26800 Маслов",
        "review_rating": 5,
        "datetime": "2024-03-22T00:41:03.447Z"
    },
    {
        "id": 1222,
        "dislike": 3,
        "like": 10,
        "review_text": "Красивая площадь напротив вокзала. Кафе на площади дорогие, есть современный торговый центр со смотровой площадкой на крыше. Интересное архитектурное решение позволило разместить и танцующие фонтаны и деревья и места для отдыха.",
        "author": "Елена Соколова",
        "review_rating": 5,
        "datetime": "2023-10-20T17:43:28.109Z"
    },
    {
        "id": 1223,
        "dislike": 0,
        "like": 6,
        "review_text": "Очень старинный вокзал очень красивое здание Я очень рад что побывал на этом вокзале и воспользовался услугами этого вокзала, сотрудники вокзала очень приветливые И готовы оказать помощь и проинформировать пассажиров различной информации касающейся передвижения по городу, рядом стоянка такси Это для тех у кого карман пошире, также рядом есть метро в которое если спуститься то заплатив 65 рублей можно проехать практически в любой район города в 20-30 раз дешевле чем на такси и быстрее!",
        "author": "николай завгородний",
        "review_rating": 5,
        "datetime": "2024-02-17T12:03:12.091Z"
    },
    {
        "id": 1224,
        "dislike": 1,
        "like": 0,
        "review_text": "Павелецкий вокзал, конечно преобразился после ремонта площади вокруг него.. Шикарный трёхуровневый ТЦ с парковкой, теперь достопримечательность вокзала..Много места для отдыха, магазины, разные кафе, вообщем, все просто замечательно!\nЧто, касаемо самого вокзала, как впрочем и любого другой вокзала ЖД в России, ни чего особенного, цены конские, заоблачные,на сервис и питание, как будто на территории вокзала попадаю в другую далекую страну..",
        "author": "seostock777",
        "review_rating": 5,
        "datetime": "2024-03-30T20:42:57.629Z"
    },
    {
        "id": 1225,
        "dislike": 0,
        "like": 0,
        "review_text": "О хорошем. Из метро и в метро можно попасть сразу в вокзале. Платформы расположены удобно. Туалеты достаточно чистые. Из минусов. Войти в вокзал с улицы- это проблема, если у вас есть багаж. Самостоятельно открыть входную дверь очень тяжело. Да и пункт досмотра находится сразу у входа. Придется постоять в очереди или в тамбуре, или на улице. Продукты и водичку в дорогу купить на вокзале не получится- жуткие очереди. Ну и беда Москвы для пассажиров- отсутствие пандусов.",
        "author": "Наталия Демонова",
        "review_rating": 3,
        "datetime": "2024-03-25T20:46:17.784Z"
    },
    {
        "id": 1226,
        "dislike": 0,
        "like": 0,
        "review_text": "Вокзал. Народа много, суеты достаточно. Одним словом вокзал - все куда-то едут. На территории вокзала есть несколько не плохих кафе, где можно скоротать время. Обстановка более менее опрятная. С данного вокзала ходит аэроэкспрес в Домодедово. На против вокзала очень красивая площадь с различными креативными сооружениями и пространствами. В шаговой доступности отель Космос повелецкий.",
        "author": "Dia Inv",
        "review_rating": 3,
        "datetime": "2024-01-28T20:14:01.277Z"
    },
    {
        "id": 1227,
        "dislike": 0,
        "like": 3,
        "review_text": "Вокзал не большой, но нужно отдать должное руководству и обслуживающему персоналу- чисто! Работники пропускного контроля вежливы и доброжелательны. В здании вокзала есть зал ожидания с достаточным количеством мест, есть магазин в котором можно приобрести товары первой необходимости по очень приемлемым ценам, достаточное количество мест общественного питания и кофеен. В общем и целом: негативного впечатления не осталось.",
        "author": "Елена Тарасова",
        "review_rating": 5,
        "datetime": "2024-03-29T11:04:16.752Z"
    },
    {
        "id": 1228,
        "dislike": 1,
        "like": 4,
        "review_text": "Не очень уютное место для ожидания. Всё старенькое. А так в общем всё необходимое есть. Можно купить в качестве гостинца свежайшие конфеты в магазине Аленка. Перекусить есть где. С автоматической камерой хранения разобрался. Очень удобно. Через дорогу подземный торговый центр с большим фудкортом. Тоже может помочь скоротать время.",
        "author": "сергей макаренко",
        "review_rating": 3,
        "datetime": "2023-12-04T21:01:40.647Z"
    },
    {
        "id": 1229,
        "dislike": 2,
        "like": 5,
        "review_text": "По московским меркам этот вокзал компактный, активный.. Можно и поесть и много что успеть сделать на вокзале. Правда мало продуманных зон ожидания. \nКстати, в теплое время года можно прогуляться по новому уютному пространству перед вокзалом, сделать покупки в современно обустроенным ТЦ. Единственное, что не удобно, это вход с перрона в метро. С электрички нужно обходить здание вокзала и только потом заходить в вокзал через зону досмотра, чтобы попасть в метро. Кроме того, один из эскалаторов в метро в постоянном ремонте, отсюда в определенные часы при активном трафике есть сложность подняться или спуститься в метро.",
        "author": "Ольга Алёшина",
        "review_rating": 3,
        "datetime": "2023-11-20T17:59:28.807Z"
    },
    {
        "id": 1230,
        "dislike": 0,
        "like": 0,
        "review_text": "Вокзал какой-то вытянутый и нелогичный. Радует, что есть довольно много мест для перекуса, банкоматов и даже магазинов со снедью. Из минусов особенное хочется отметить, что пассажиров Аэроэкспресса прибывающего на вокзал со стороны области просят обойти вокзал сбоку (а это немалое расстояние для людей с чемоданами, особенно женщины с детьми, или для престарелых людей). Чистой воды издевательство над теми, кто хочет сразу и быстро попасть в здание вокзала, а из него уже в метро. Надеюсь, это увидит кто-то из ответственных лиц и уволит начальника вокзала.",
        "author": "Виталий Шахматов",
        "review_rating": 3,
        "datetime": "2024-02-01T19:44:00.586Z"
    },
    {
        "id": 1231,
        "dislike": 3,
        "like": 7,
        "review_text": "Плюсы:\n1. Рядом с метро, есть вход в метоо с самого вокзала.\n2. Везде вывезки, удобно ориентироваться.\n3. Недорого сдать сумки в камеру хранения, ценой был приятно удивлен, даже ошарашен. На 9 часов большая камера для двух здоровых сумок всего за 900 рублей.\n\nМинусы:\n1. Грязь, антисанитария полная.\n2. Бомжей спокойно пускают на вокзал. То есть они и снаружи и в внутри. Вот говорят, что в Нью-Йорке везде бомжи, вот тут стало точно так же. Бомжи и снаружи и спокойно через охрану проходят. Зашли в метро через вокзал и там перед входом на станцию бомжи спят и запах соответствующий.",
        "author": "Вячеслав Олегович",
        "review_rating": 3,
        "datetime": "2023-10-03T12:23:47.074Z"
    },
    {
        "id": 1232,
        "dislike": 3,
        "like": 10,
        "review_text": "Хороший вокзал с точки зрения транспортной доступности соединяющий огромную артерию городов Подмосковья.Сам вокзал обычный,есть все,магазины,кофейни,шаурма,блинные,бутербродные,бургер Кинг,Ростикс и тд.Много банкоматов любых банков.Не рекомендую зал ожидание,ужасное место,сборище бомжей которым негде ночевать,по сути после 00.00 часов,туда стекается весь \"бомонд\"попрошаек,Павеляги.В остальном все ясно и понятно,есть выход к метро как подземный так и наземный,есть аэроэкспресс до аэропорта Домодедово,электрички,Видное,Домодедово,Ступино,Кашира.Удобный и понятный выход на перон без подземных заморочек.",
        "author": "Андрей",
        "review_rating": 5,
        "datetime": "2023-10-17T12:16:56.370Z"
    },
    {
        "id": 1233,
        "dislike": 0,
        "like": 5,
        "review_text": "сам вокзал (пригородные поезда) и платформы требуют ремонта (в процессе) \nвнутри зоны ожидания, зона аэроэкспресса, кафе/закусочные все классно и достаточно много места, чтобы не быть как селедки в 1 месте - есть выбор мест по цене и вкусовым предпочтениям\nСделали классную привокзальную территорию и площадь. Даже ночью есть где погулять/что посмотреть в ожидании транспорта своего.",
        "author": "Natalya Serikova",
        "review_rating": 5,
        "datetime": "2023-10-26T16:47:20.646Z"
    },
    {
        "id": 1234,
        "dislike": 0,
        "like": 0,
        "review_text": "Сама постройка интересно вписыаается в пространство. Из вокзала сразу попадаешь в метро: очень удобно. Досмотр быстрый. Много разных точек продаж сувениров, пирожков, кафе. Рядом красивая площадь и торговый комплекс.",
        "author": "Elena P.",
        "review_rating": 4,
        "datetime": "2024-01-24T14:24:31.999Z"
    },
    {
        "id": 1235,
        "dislike": 1,
        "like": 4,
        "review_text": "Всё удобно расположено . Быстро можно с ориентироваться , всегда дружелюбный персонал подскажет где ,что находится как пройти в нужном направлении .\nПри покупке билетов ,что на электричку,что билеты дальнего следования,всегда приветливо , вежливо подскажут какие билеты лучше взять",
        "author": "Людмила Зиннатулина",
        "review_rating": 5,
        "datetime": "2024-01-31T13:37:20.309Z"
    },
    {
        "id": 1236,
        "dislike": 0,
        "like": 8,
        "review_text": "Хорошо продуманная планировка и расположение выходов к поездам, электричкам, аэроэкпрессам, кассам, метро. Привокзальная площадь стала чистая, красивая. Вокзал очень удобный и комфортный (особенно по сравнению с Курским очень выигрывает).\nУдобная логистика.",
        "author": "Еленка",
        "review_rating": 5,
        "datetime": "2024-04-01T13:52:47.915Z"
    },
    {
        "id": 1237,
        "dislike": 15,
        "like": 12,
        "review_text": "Восторг!Красота!Отличное местоположение!Рядом метро,остановки такси и трамвая.Все 33 удовольствия.Кафе радует разнообразием блюд и напитков.Цены удобрваримые,учитывая общую дороговизну нашего города.Хорошая архитектурная задумка.Много места,не можно присесть Фонтан со светом узкой.ТЦ.Все под рукой.Могу отметить,что сделано на совесть и с любовью.Первый +, от меня мэру Москвы,до этого от его перекопки-перестройки города,причём постоянной,у меня был лишь негатив.Но,что хорошо-то хорошо!А в данном случае-просто отлично!",
        "author": "Евгения Барабанова",
        "review_rating": 5,
        "datetime": "2023-06-28T12:46:19.219Z"
    },
    {
        "id": 1238,
        "dislike": 0,
        "like": 0,
        "review_text": "По сравнению с 2009 годом вокзал, конечно, преобразился!\nНа втором этаже большой зал ожидания с удобными лавочками, в которых есть место для зарядки телефона (очень удобно). Порадовал магазин \"Смешные цены\". Думала, что цены соответственно тому, что помещение внутри вокзала, а нет, цены оказались действительно смешными. Удобно для тех, кто не дособрался в дорогу или не успел озаботиться подарками.\nПо указателям легко ориентироваться.",
        "author": "Мария В.",
        "review_rating": 4,
        "datetime": "2023-11-14T11:47:34.376Z"
    },
    {
        "id": 1239,
        "dislike": 0,
        "like": 5,
        "review_text": "Из плюсов могу выделить что достаточное количество магазинов, кафе, можно сходить купить себе все необходимое в дорогу и поесть. Минусов я увидел больше гораздо, на вокзале много бездомных, да они есть на каждом но тут их намного больше, от них очень сильно воняет, полиция на это особо внимания не обращает, не очень понятная навигация, если тут в первые тут можно довольно таки легко запутаться, санитарные нормы из-за бомжей которые ночуют тут так же плачевно.",
        "author": "Ярослав Гаврилков",
        "review_rating": 3,
        "datetime": "2023-10-25T16:31:16.419Z"
    },
    {
        "id": 1240,
        "dislike": 1,
        "like": 4,
        "review_text": "Обычный вокзал с бестолковыми досмотрами (мое личное мнение), как и все.\nИз плюсов:\nУдобное расположение\nСовременное пространство перед вокзалом\nНаличие большого супермаркета перед вокзалом\nУдобный боковой вход с парковки прямо на перрон\n\nИз минусов:\nСанузел\nНеудобный выход на перрон для поездов дальнего следования из здания вокзала(фактически один).",
        "author": "Денис С",
        "review_rating": 3,
        "datetime": "2024-04-05T17:49:18.250Z"
    },
    {
        "id": 1241,
        "dislike": 2,
        "like": 1,
        "review_text": "Красивое здание вокзала, привокзальная территория благоустроенная, внутри есть где перекусить: burger king, kfc, one&double, многие другие и просто киоски с фаст-фудом, продуктовых магазинов нет, только маленький минимаркет и магазин белорусских продуктов. Вокзал достаточно большой, отсюда отправляется аэроэкспресс до аэропорта в Домодедово, много поездов дальнего следования и электричек. Зал ожидания на втором этаже общий, подъем и спуск - по эскалатору. Вход в метро тоже в здании вокзала, на улицу выходить не нужно. Банкоматы Сбера и Тинькофф есть, про другие не скажу. Информация по отправлению поездов на табло понятна, дублируется через громкоговоритель. Единственный большой минус - это состояние туалетов (женского точно), крайне необходимо привести их в порядок.",
        "author": "Виктория",
        "review_rating": 4,
        "datetime": "2024-01-22T18:45:41.370Z"
    },
    {
        "id": 1242,
        "dislike": 2,
        "like": 4,
        "review_text": "Очень неудобное расположение входов в вокзал, если добираться на метро, то все в шаговой доступности, если это группа, то большим автобусам просто не развернуться на парковке, она заставлена легковыми автомобилями. И даже если приехать на своем авто, то достаем чемоданы, сумки и прочий багаж и тащим его за собой практически в обход всего здания. Внутри толкучка, не все входы на досмотр работают, эскалатор,чтобы подняться в зону ожидания на второй этаж, был выключен. И это было в новогодние каникулы, а именно 5 января, когда через Москву ехали огромное количество людей. \nЖаль, что такое историческое место и вообще не приспособлено для комфорта прибывающих и отъезжающих. \nВнутри вокзала есть небольшие точки питания и магазины, около которых сплошная суета и толкотня.",
        "author": "Миолга",
        "review_rating": 3,
        "datetime": "2024-01-22T15:19:37.919Z"
    },
    {
        "id": 1243,
        "dislike": 0,
        "like": 1,
        "review_text": "Ну для Москвы могло быть и поудобнее.\nИз плюсов:\n+ в центре\n+ две ветки метро коричневая и зеленая\n+ подъезд для авто прям практически к платформе и относительно бюджетно (со стороны Почты России и Церкви) с улицы Дубининская\n+ есть и кафе и рестораны и даже очень хорошие и бюджетные\n+ банкоматы разные\n\nИз минусов:\n- воняет на платформах, хоть и 21 век, а с фильтрацией совсем плохо, давно уже пора как-то этот вопрос отрегулировать\n- поезда без навесов - в снег и дождь, холодно)\n- с парковками, если надолго, то в центре проблемно или очень дорого",
        "author": "Andrey Ivanov",
        "review_rating": 4,
        "datetime": "2023-11-25T11:45:34.436Z"
    },
    {
        "id": 1244,
        "dislike": 7,
        "like": 6,
        "review_text": "Это мой вокзал с которого я еду на дачу. Мне он нравиться: внутри много магазинчиков, много посадочных мест где можно быстро и недорого перекусить! Внутри вокзал чистый, ухоженный, сотрудники всегда придут на помощь!Все ясно и понятно: откуда и куда надо ехать! На входе в вокзал стоят проверочные посты, сейчас добавили и из выхода метро - поэтому надо немножко пораньше приехать до отправления поезда на вокзал, вдруг какая заминка и вас не пропустят!Счастливого всем пути!",
        "author": "Гульсиня Мунировна",
        "review_rating": 5,
        "datetime": "2023-07-24T10:23:07.527Z"
    },
    {
        "id": 1245,
        "dislike": 2,
        "like": 3,
        "review_text": "Вокзал мне понравился, чисто, обслуживающий персонал доброжелателен. Привокзальная площадь тоже мне понравилась, полно мест где можно посидеть, чисто, много мусорных урн. Через дорогу комплекс Павелецк -плаза, сложилось впечатление, что его построили для иностранных туристов...\n Цены в нем ушибают - бокал пива от 450 руб., невзрачный пиджачок 13000 руб. \n А чего удивляться, это же Москва, столица.",
        "author": "Владислав Чайковский",
        "review_rating": 4,
        "datetime": "2023-10-30T14:49:52.087Z"
    },
    {
        "id": 1246,
        "dislike": 0,
        "like": 7,
        "review_text": "Вокзал- лицо города. Мне показалось, что вокзал мрачноват. Расположение удачное. Парковки, остановки и метро, всё удобно устроено. Туалет бесплатный, относительно чистый для бесплатного туалета. Зал ожидания: после пребывания в этом зале в течении часа меня преследовал этот запах очень долго. Оказалось, что неподалёку от нас сидел бомж, он ушёл, а запах остался. Выход на платформы удобные и понятные, не надо бегать через переходы как у нас в Астрахани.",
        "author": "Франгизя Наурзбаева",
        "review_rating": 3,
        "datetime": "2023-09-20T11:25:36.281Z"
    },
    {
        "id": 1247,
        "dislike": 0,
        "like": 0,
        "review_text": "Недавно пришлось посетить и ,к сожалению,задержаться на Павелецком вокзале. С одной стороны чисто,тепло( в отличие от Белорусского), но в зале ожидания очень много нетрезвых и дурнопахнущих людей. Распивают и закусывают в открытую. Пассажиры позвали стражей порядка,те погрозили пальчиком и ушли. А сам вокзал - норм. Много точек общепита на любой вкус и кошелёк.",
        "author": "Светлана Мельникова",
        "review_rating": 5,
        "datetime": "2023-11-02T12:43:14.117Z"
    },
    {
        "id": 1248,
        "dislike": 0,
        "like": 3,
        "review_text": "Удобно, что станция метро прямо в здании вокзала. Вокруг вокзала много интересных мест. Павелецкая площадь и огромный ТЦ где можно провести время, если пересадка долгая. При хорошей погоде можно пройтись до набережной, много кафе, отелей, магазинов, кинотеатр.",
        "author": "Вероника Клименко",
        "review_rating": 5,
        "datetime": "2024-01-29T07:25:30.153Z"
    },
    {
        "id": 1249,
        "dislike": 9,
        "like": 16,
        "review_text": "Очень радует, что в Павелецком вокзале есть бизнес зал, новый, современный с изысканным интерьером. Для гостей есть камера хранения багажа, детская комната, мягкие кресла, включая массажное кресло Yamaguchi, круглые столы. Шведский стол имеет кофемашину с капсулами,из напитков есть чаи и вода в бутылках, небольшой ассортимент салатов, гарнир, супы, курица, в качестве дессерта: фрукты, пирожное. Но не увидела наличие соков или газированных напитков. Кроме того ,здесь можно приобрести косметические средства и украшения из янтаря из Калининграда, цены приемлемы. Однозначно рекомендую.",
        "author": "Елена Аркадьевна Кельчина",
        "review_rating": 5,
        "datetime": "2023-07-15T20:37:43.931Z"
    },
    {
        "id": 1250,
        "dislike": 0,
        "like": 0,
        "review_text": "Родной любимый вокзал, очень удобно пересаживаться на метро, и из метро на пригородные электрички.\nМожно покушать, купить лекарства в аптеке и др., а какие туалеты стали на вокзале, от меня за это большой плюс.\nКасс много и автоматов для покупки билетов тоже, правда электрички пока только старенькие ходят, за поезда дальнего следования не ручаюсь, путешествовать некогда",
        "author": "Даша",
        "review_rating": 5,
        "datetime": "2024-02-09T14:07:50.407Z"
    }
]